{
    "componentsResourceTypes": [
        "wcm/foundation/components/responsivegrid",
        "nt:unstructured",
        "wknd-spa-react/components/spa"
    ],
    "brandSlug": "",
    "language": "en",
    "title": "en",
    "cssClassNames": "spa page basicpage",
    "designPath": "/libs/settings/wcm/designs/default",
    "templateName": "spa-app-template",
    ":type": "wknd-spa-react/components/spa",
    ":children": {
        "/content/wknd-spa-react/us/en/home": {
            "componentsResourceTypes": [
                "wknd-spa-react/components/separator",
                "wknd-spa-react/components/xfpage",
                "wknd-spa-react/components/container",
                "wknd-spa-react/components/text",
                "wknd-spa-react/components/experiencefragment",
                "wcm/foundation/components/responsivegrid",
                "nt:unstructured",
                "wknd-spa-react/components/page"
            ],
            "brandSlug": "",
            "language": "en",
            "title": "WKND SPA React Home Page",
            "cssClassNames": "spa page basicpage",
            "lastModifiedDate": 1667386543476,
            "designPath": "/libs/settings/wcm/designs/default",
            "templateName": "spa-page-template",
            ":type": "wknd-spa-react/components/page",
            ":hierarchyType": "page",
            ":itemsOrder": [
                "root"
            ],
            ":items": {
                "root": {
                    "columnCount": 12,
                    "columnClassNames": {
                        "responsivegrid": "aem-GridColumn aem-GridColumn--default--12",
                        "experiencefragment-footer": "aem-GridColumn aem-GridColumn--default--12"
                    },
                    "gridClassNames": "aem-Grid aem-Grid--12 aem-Grid--default--12",
                    "allowedComponents": {
                        "components": [
                            {
                                "path": "/conf/wknd-spa-react/settings/wcm/templates/spa-page-template/structure/jcr:content/root/wcm/foundation/components/responsivegrid",
                                "title": "Layout Container"
                            },
                            {
                                "path": "/conf/wknd-spa-react/settings/wcm/templates/spa-page-template/structure/jcr:content/root/wknd-spa-react/components/text",
                                "title": "Text"
                            }
                        ],
                        "applicable": false
                    },
                    ":itemsOrder": [
                        "responsivegrid",
                        "experiencefragment-footer"
                    ],
                    ":items": {
                        "responsivegrid": {
                            "columnCount": 12,
                            "columnClassNames": {
                                "text": "aem-GridColumn aem-GridColumn--default--12"
                            },
                            "gridClassNames": "aem-Grid aem-Grid--12 aem-Grid--default--12",
                            "allowedComponents": {
                                "components": [
                                    {
                                        "path": "/content/wknd-spa-react/us/en/home/jcr:content/root/responsivegrid/wcm/foundation/components/responsivegrid",
                                        "title": "Layout Container"
                                    },
                                    {
                                        "path": "/content/wknd-spa-react/us/en/home/jcr:content/root/responsivegrid/wknd-spa-react/components/text",
                                        "title": "Text"
                                    }
                                ],
                                "applicable": false
                            },
                            ":itemsOrder": [
                                "text"
                            ],
                            ":items": {
                                "text": {
                                    "id": "text-a647cec03a",
                                    "text": "\u003Cp\u003EHello World!\u003C/p\u003E",
                                    "richText": true,
                                    ":type": "wknd-spa-react/components/text",
                                    "dataLayer": {
                                        "text-a647cec03a": {
                                            "@type": "wknd-spa-react/components/text",
                                            "repo:modifyDate": "2022-11-02T10:55:43Z",
                                            "xdm:text": "\u003Cp\u003EHello World!\u003C/p\u003E"
                                        }
                                    }
                                }
                            },
                            ":type": "wcm/foundation/components/responsivegrid"
                        },
                        "experiencefragment-footer": {
                            "id": "experiencefragment-90b12f0af4",
                            "localizedFragmentVariationPath": "/content/experience-fragments/wknd-spa-react/us/en/site/footer/master/jcr:content",
                            "configured": true,
                            "dataLayer": {
                                "experiencefragment-90b12f0af4": {
                                    "@type": "wknd-spa-react/components/experiencefragment"
                                }
                            },
                            ":type": "wknd-spa-react/components/experiencefragment",
                            ":itemsOrder": [
                                "root"
                            ],
                            "classNames": "aem-xf",
                            ":items": {
                                "root": {
                                    "columnCount": 12,
                                    "columnClassNames": {
                                        "text": "aem-GridColumn aem-GridColumn--default--12",
                                        "separator": "aem-GridColumn aem-GridColumn--default--12"
                                    },
                                    "gridClassNames": "aem-Grid aem-Grid--12 aem-Grid--default--12",
                                    "allowedComponents": {
                                        "components": [
                                            {
                                                "path": "/content/experience-fragments/wknd-spa-react/us/en/site/footer/master/jcr:content/root/wknd-spa-react/components/accordion",
                                                "title": "Accordion"
                                            },
                                            {
                                                "path": "/content/experience-fragments/wknd-spa-react/us/en/site/footer/master/jcr:content/root/wknd-spa-react/components/breadcrumb",
                                                "title": "Breadcrumb"
                                            },
                                            {
                                                "path": "/content/experience-fragments/wknd-spa-react/us/en/site/footer/master/jcr:content/root/wknd-spa-react/components/button",
                                                "title": "Button"
                                            },
                                            {
                                                "path": "/content/experience-fragments/wknd-spa-react/us/en/site/footer/master/jcr:content/root/wknd-spa-react/components/carousel",
                                                "title": "Carousel"
                                            },
                                            {
                                                "path": "/content/experience-fragments/wknd-spa-react/us/en/site/footer/master/jcr:content/root/wknd-spa-react/components/container",
                                                "title": "Container"
                                            },
                                            {
                                                "path": "/content/experience-fragments/wknd-spa-react/us/en/site/footer/master/jcr:content/root/wknd-spa-react/components/contentfragment",
                                                "title": "Content Fragment"
                                            },
                                            {
                                                "path": "/content/experience-fragments/wknd-spa-react/us/en/site/footer/master/jcr:content/root/wknd-spa-react/components/contentfragmentlist",
                                                "title": "Content Fragment List"
                                            },
                                            {
                                                "path": "/content/experience-fragments/wknd-spa-react/us/en/site/footer/master/jcr:content/root/wknd-spa-react/components/download",
                                                "title": "Download"
                                            },
                                            {
                                                "path": "/content/experience-fragments/wknd-spa-react/us/en/site/footer/master/jcr:content/root/wknd-spa-react/components/embed",
                                                "title": "Embed"
                                            },
                                            {
                                                "path": "/content/experience-fragments/wknd-spa-react/us/en/site/footer/master/jcr:content/root/wknd-spa-react/components/experiencefragment",
                                                "title": "Experience Fragment"
                                            },
                                            {
                                                "path": "/content/experience-fragments/wknd-spa-react/us/en/site/footer/master/jcr:content/root/wknd-spa-react/components/helloworld",
                                                "title": "Hello World Component"
                                            },
                                            {
                                                "path": "/content/experience-fragments/wknd-spa-react/us/en/site/footer/master/jcr:content/root/wknd-spa-react/components/image",
                                                "title": "Image"
                                            },
                                            {
                                                "path": "/content/experience-fragments/wknd-spa-react/us/en/site/footer/master/jcr:content/root/wknd-spa-react/components/list",
                                                "title": "List"
                                            },
                                            {
                                                "path": "/content/experience-fragments/wknd-spa-react/us/en/site/footer/master/jcr:content/root/wknd-spa-react/components/pdfviewer",
                                                "title": "PDF Viewer"
                                            },
                                            {
                                                "path": "/content/experience-fragments/wknd-spa-react/us/en/site/footer/master/jcr:content/root/wknd-spa-react/components/progressbar",
                                                "title": "Progress Bar"
                                            },
                                            {
                                                "path": "/content/experience-fragments/wknd-spa-react/us/en/site/footer/master/jcr:content/root/wknd-spa-react/components/separator",
                                                "title": "Separator"
                                            },
                                            {
                                                "path": "/content/experience-fragments/wknd-spa-react/us/en/site/footer/master/jcr:content/root/wknd-spa-react/components/tabs",
                                                "title": "Tabs"
                                            },
                                            {
                                                "path": "/content/experience-fragments/wknd-spa-react/us/en/site/footer/master/jcr:content/root/wknd-spa-react/components/teaser",
                                                "title": "Teaser"
                                            },
                                            {
                                                "path": "/content/experience-fragments/wknd-spa-react/us/en/site/footer/master/jcr:content/root/wknd-spa-react/components/text",
                                                "title": "Text"
                                            },
                                            {
                                                "path": "/content/experience-fragments/wknd-spa-react/us/en/site/footer/master/jcr:content/root/wknd-spa-react/components/title",
                                                "title": "Title"
                                            },
                                            {
                                                "path": "/content/experience-fragments/wknd-spa-react/us/en/site/footer/master/jcr:content/root/wknd-spa-react/components/form/container",
                                                "title": "Core Form Container"
                                            }
                                        ],
                                        "applicable": false
                                    },
                                    ":itemsOrder": [
                                        "separator",
                                        "text"
                                    ],
                                    ":items": {
                                        "separator": {
                                            ":type": "wknd-spa-react/components/separator"
                                        },
                                        "text": {
                                            "id": "text-4c3492e4ef",
                                            "text": "\u003Cp\u003ECopyright 2023, WKND SPA React.&nbsp;All rights reserved.\u003C/p\u003E\r\n\u003Cp\u003E345 Park Avenue,&nbsp;San Jose, CA 95110-2704, USA\u003C/p\u003E\r\n",
                                            "richText": true,
                                            ":type": "wknd-spa-react/components/text",
                                            "dataLayer": {
                                                "text-4c3492e4ef": {
                                                    "@type": "wknd-spa-react/components/text",
                                                    "xdm:text": "\u003Cp\u003ECopyright 2022, WKND SPA React.&nbsp;All rights reserved.\u003C/p\u003E\r\n\u003Cp\u003E345 Park Avenue,&nbsp;San Jose, CA 95110-2704, USA\u003C/p\u003E\r\n"
                                                }
                                            }
                                        }
                                    },
                                    ":type": "wknd-spa-react/components/container"
                                }
                            }
                        }
                    },
                    ":type": "wcm/foundation/components/responsivegrid"
                }
            },
            ":path": "/content/wknd-spa-react/us/en/home"
        }
    },
    ":hierarchyType": "page",
    ":itemsOrder": [],
    ":items": {},
    ":path": "/content/wknd-spa-react/us/en"
}